ML_Algorithm,RUL_Assignment_Method,RUL_Max,data_percent,scale_type,score,score1,score2,window_size
CatBoost,PwL_Fault,150.0,25.0,standard,4.734917292152505,121.00213679108442,30.515216557795746,30.0
CatBoost,PwL_Fault,150.0,50.0,standard,4.1011331353569584,99.26264281783105,31.97361751359162,30.0
CatBoost,PwL_Fault,150.0,75.0,standard,17.695285248654333,422.24250771142977,144.00662024550886,15.0
CatBoost,PwL_Fault,150.0,100.0,standard,3.5002752220046776,70.76733440938784,41.24147269476184,15.0
